City_ID,City,Country,Date,Lat,Lng,Max Temp,Humidity,Cloudiness,Wind Speed
0,Hithadhoo,MV,2022-07-20 23:37:16,-0.6,73.0833,81.09,68,99,3.0
1,Redencao,BR,2022-07-20 23:33:20,-4.2258,-38.7306,70.32,87,65,2.08
2,Rikitea,PF,2022-07-20 23:36:29,-23.1203,-134.9692,73.44,74,0,3.85
3,Anadyr,RU,2022-07-20 23:37:17,64.75,177.4833,48.7,66,75,11.18
4,Grindavik,IS,2022-07-20 23:37:17,63.8424,-22.4338,51.75,87,0,11.5
5,Gat,IL,2022-07-20 23:37:18,31.61,34.7642,77.68,100,0,3.56
6,Punta Arenas,CL,2022-07-20 23:33:57,-53.15,-70.9167,33.82,74,40,21.85
7,Augusto Correa,BR,2022-07-20 23:37:18,-1.0217,-46.635,74.86,91,54,3.04
8,Nikolskoye,RU,2022-07-20 23:37:19,59.7035,30.7861,66.87,80,73,7.38
9,Drugovo,MK,2022-07-20 23:37:19,41.4842,20.9233,62.71,48,0,3.4
10,Atuona,PF,2022-07-20 23:37:20,-9.8,-139.0333,77.72,75,6,14.38
11,Batemans Bay,AU,2022-07-20 23:37:20,-35.7167,150.1833,52.11,81,100,3.22
12,Abalak,RU,2022-07-20 23:37:21,58.1286,68.5944,59.41,97,100,1.21
13,Bedesa,ET,2022-07-20 23:37:21,8.9,40.7833,59.18,96,99,3.58
14,Upernavik,GL,2022-07-20 23:37:21,72.7868,-56.1549,48.74,68,91,6.29
15,Manakara,MG,2022-07-20 23:37:22,-22.1333,48.0167,66.15,86,60,7.0
16,Mnogovershinnyy,RU,2022-07-20 23:37:22,53.9353,139.9242,59.52,77,91,5.68
17,Margate,GB,2022-07-20 23:37:23,51.3813,1.3862,68.7,81,18,3.0
18,Mount Gambier,AU,2022-07-20 23:37:23,-37.8333,140.7667,48.7,64,4,6.4
19,Faanui,PF,2022-07-20 23:37:24,-16.4833,-151.75,77.99,65,1,9.15
20,Longyearbyen,SJ,2022-07-20 23:37:24,78.2186,15.6401,49.84,87,75,5.75
21,Saint George,US,2022-07-20 23:33:58,37.1041,-113.5841,108.19,15,0,18.41
22,Serpa,PT,2022-07-20 23:37:25,37.9458,-7.5975,75.16,43,0,6.22
23,Albany,US,2022-07-20 23:34:05,42.6001,-73.9662,90.18,56,50,4.09
24,Beringovskiy,RU,2022-07-20 23:37:26,63.05,179.3167,44.01,71,99,15.9
25,Hermanus,ZA,2022-07-20 23:37:26,-34.4187,19.2345,50.29,74,0,6.46
26,Jalu,LY,2022-07-20 23:34:14,29.0331,21.5482,75.61,38,0,13.02
27,Port Alfred,ZA,2022-07-20 23:37:27,-33.5906,26.891,55.18,97,99,3.0
28,Geraldton,AU,2022-07-20 23:37:27,-28.7667,114.6,63.01,94,75,16.11
29,Norman Wells,CA,2022-07-20 23:37:27,65.282,-126.8329,77.04,33,75,4.61
30,Vao,NC,2022-07-20 23:37:28,-22.6667,167.4833,74.12,89,99,10.02
31,Natal,BR,2022-07-20 23:34:46,-5.795,-35.2094,77.22,88,75,8.05
32,Hasaki,JP,2022-07-20 23:37:29,35.7333,140.8333,84.29,75,94,6.29
33,Ushuaia,AR,2022-07-20 23:36:52,-54.8,-68.3,31.66,74,75,14.97
34,Calama,CL,2022-07-20 23:37:30,-22.4667,-68.9333,63.09,8,20,10.36
35,Barrow,US,2022-07-20 23:37:30,71.2906,-156.7887,57.22,51,0,12.66
36,Esperance,AU,2022-07-20 23:37:30,-33.8667,121.9,58.96,67,100,20.83
37,Kaitangata,NZ,2022-07-20 23:37:31,-46.2817,169.8464,43.03,81,100,8.68
38,Talnakh,RU,2022-07-20 23:37:31,69.4865,88.3972,54.21,66,99,5.64
39,Samarai,PG,2022-07-20 23:36:46,-10.6167,150.6667,82.17,76,32,12.17
40,Lebu,CL,2022-07-20 23:37:32,-37.6167,-73.65,52.72,96,100,9.15
41,Ahipara,NZ,2022-07-20 23:37:33,-35.1667,173.1667,56.23,75,64,22.21
42,Haines Junction,CA,2022-07-20 23:37:34,60.7522,-137.5108,55.35,54,100,9.22
43,Avarua,CK,2022-07-20 23:37:34,-21.2078,-159.775,71.65,83,75,18.41
44,Russell,US,2022-07-20 23:37:34,32.3502,-85.1999,91.0,75,82,8.99
45,Mataura,NZ,2022-07-20 23:37:35,-46.1927,168.8643,41.49,81,100,3.04
46,Arraial Do Cabo,BR,2022-07-20 23:36:55,-22.9661,-42.0278,69.98,87,4,10.67
47,Tasiilaq,GL,2022-07-20 23:36:58,65.6145,-37.6368,39.36,79,78,1.92
48,Busselton,AU,2022-07-20 23:36:26,-33.65,115.3333,56.26,92,100,12.33
49,East London,ZA,2022-07-20 23:38:36,-33.0153,27.9116,61.52,83,97,5.44
50,Beled,HU,2022-07-20 23:38:36,47.4659,17.0929,64.53,43,2,5.82
51,Cape Town,ZA,2022-07-20 23:36:16,-33.9258,18.4232,56.37,76,0,3.44
52,Bengkulu,ID,2022-07-20 23:38:37,-3.8004,102.2655,75.7,91,41,3.89
53,Okha,RU,2022-07-20 23:38:37,53.5739,142.9478,57.38,91,100,10.54
54,Ferme-Neuve,CA,2022-07-20 23:38:38,46.7001,-75.4493,73.62,91,89,6.33
55,Qaanaaq,GL,2022-07-20 23:38:04,77.484,-69.3632,40.51,82,100,2.77
56,Bredasdorp,ZA,2022-07-20 23:34:15,-34.5322,20.0403,44.28,89,0,5.5
57,Alice Springs,AU,2022-07-20 23:38:38,-23.7,133.8833,42.35,56,0,6.91
58,Jamestown,US,2022-07-20 23:35:53,42.097,-79.2353,85.59,58,0,11.5
59,Butaritari,KI,2022-07-20 23:38:39,3.0707,172.7902,81.07,79,61,8.12
60,College,US,2022-07-20 23:38:39,64.8569,-147.8028,68.09,53,75,9.22
61,Sorland,NO,2022-07-20 23:38:40,67.667,12.6934,53.46,87,99,13.47
62,Bethel,US,2022-07-20 23:36:51,41.3712,-73.414,87.67,65,36,7.52
63,Ancud,CL,2022-07-20 23:38:41,-41.8697,-73.8203,39.22,67,49,9.73
64,Castro,BR,2022-07-20 23:37:45,-24.7911,-50.0119,57.13,92,1,4.29
65,Chokurdakh,RU,2022-07-20 23:37:52,70.6333,147.9167,52.14,49,47,7.78
66,Itarema,BR,2022-07-20 23:38:42,-2.9248,-39.9167,77.4,76,50,11.63
67,Bentiu,SS,2022-07-20 23:38:42,9.2333,29.8333,71.71,90,97,0.49
68,Georgetown,MY,2022-07-20 23:38:43,5.4112,100.3354,79.9,94,20,3.44
69,Iqaluit,CA,2022-07-20 23:38:43,63.7506,-68.5145,49.73,81,75,2.3
70,Shimoda,JP,2022-07-20 23:38:16,34.6667,138.95,79.16,77,96,8.84
71,Saint-Philippe,RE,2022-07-20 23:38:44,-21.3585,55.7679,67.59,78,46,15.12
72,Kamenka,RU,2022-07-20 23:38:44,51.3223,42.7678,57.51,91,85,8.48
73,Diebougou,BF,2022-07-20 23:38:45,10.9667,-3.25,73.18,90,20,4.45
74,Bambous Virieux,MU,2022-07-20 23:38:46,-20.3428,57.7575,68.25,77,40,13.8
75,Adrar,MR,2022-07-20 23:38:46,20.5022,-10.0711,90.75,26,62,9.8
76,Faya,SA,2022-07-20 23:36:57,18.3851,42.4509,68.11,49,100,5.3
77,Provideniya,RU,2022-07-20 23:38:47,64.3833,-173.3,48.36,76,100,22.37
78,George Town,MY,2022-07-20 23:38:43,5.4112,100.3354,79.9,94,20,3.44
79,Katsuura,JP,2022-07-20 23:38:47,35.1333,140.3,80.35,78,72,8.84
80,Otse,BW,2022-07-20 23:38:48,-25.0167,25.7333,48.99,77,38,1.59
81,Khao Yoi,TH,2022-07-20 23:38:49,13.2403,99.8243,77.31,88,100,9.44
82,Kapaa,US,2022-07-20 23:38:50,22.0752,-159.319,84.52,71,20,14.97
83,Rawlins,US,2022-07-20 23:38:50,41.7911,-107.2387,89.49,7,0,20.71
84,Kahului,US,2022-07-20 23:38:50,20.8947,-156.47,83.97,61,20,24.16
85,Leningradskiy,RU,2022-07-20 23:38:52,69.3833,178.4167,33.17,99,100,20.71
86,Hrymayliv,UA,2022-07-20 23:38:52,49.3321,26.0111,54.3,90,39,6.58
87,Taoudenni,ML,2022-07-20 23:38:52,22.6783,-3.9836,94.42,32,47,11.48
88,Merauke,ID,2022-07-20 23:38:53,-8.4667,140.3333,79.72,80,70,13.15
89,San Patricio,US,2022-07-20 23:38:11,28.017,-97.5169,93.54,58,20,20.42
90,Prince Rupert,CA,2022-07-20 23:38:54,54.3161,-130.3201,59.09,76,0,11.5
91,Primo Tapia,MX,2022-07-20 23:38:54,32.22,-116.9172,88.88,58,82,8.77
92,Viedma,AR,2022-07-20 23:38:55,-40.8135,-62.9967,51.87,72,86,16.8
93,Havre-Saint-Pierre,CA,2022-07-20 23:38:56,50.2334,-63.5986,73.76,56,100,14.97
94,Lavrentiya,RU,2022-07-20 23:39:56,65.5833,-171.0,41.76,76,100,25.84
95,Ust-Maya,RU,2022-07-20 23:39:57,60.4167,134.5333,78.89,51,39,8.72
96,Kutum,SD,2022-07-20 23:39:57,14.2,24.6667,74.16,65,91,10.85
97,Oksfjord,NO,2022-07-20 23:39:58,70.2396,22.3479,62.67,78,91,4.92
98,Strezhevoy,RU,2022-07-20 23:39:58,60.7333,77.5889,59.4,71,54,3.83
99,Ketchikan,US,2022-07-20 23:39:59,55.3422,-131.6461,59.47,67,100,9.22
100,Hobart,AU,2022-07-20 23:36:26,-42.8794,147.3294,39.25,96,20,9.22
101,Mehamn,NO,2022-07-20 23:40:00,71.0357,27.8492,53.55,94,20,3.44
102,Narsaq,GL,2022-07-20 23:40:00,60.9167,-46.05,53.82,93,69,1.39
103,Tyrma,RU,2022-07-20 23:37:56,50.0833,132.1667,59.58,99,100,3.62
104,Coihaique,CL,2022-07-20 23:40:01,-45.5752,-72.0662,31.95,86,75,4.61
105,Apollonia,GR,2022-07-20 23:40:02,36.9716,24.7231,69.39,73,0,21.18
106,Naze,JP,2022-07-20 23:38:38,28.3667,129.4833,83.32,83,74,16.6
107,Sinnamary,GF,2022-07-20 23:40:04,5.3833,-52.95,77.34,85,19,6.38
108,Kindersley,CA,2022-07-20 23:40:04,51.4668,-109.1682,75.22,41,20,13.8
109,Panama City,PA,2022-07-20 23:36:31,8.9936,-79.5197,78.3,91,40,9.22
110,Kasongo-Lunda,CD,2022-07-20 23:40:05,-6.4667,16.8167,71.2,75,64,3.09
111,Pangnirtung,CA,2022-07-20 23:40:06,66.1451,-65.7125,47.08,86,100,2.66
112,Grenfell,AU,2022-07-20 23:40:06,-33.9,148.1667,54.07,62,97,16.28
113,Touros,BR,2022-07-20 23:36:49,-5.1989,-35.4608,74.05,87,87,9.66
114,Acarau,BR,2022-07-20 23:35:23,-2.8856,-40.12,77.13,78,64,11.7
115,Ca Mau,VN,2022-07-20 23:35:53,9.1769,105.15,78.24,89,100,4.45
116,Puerto Ayora,EC,2022-07-20 23:36:22,-0.7393,-90.3518,67.55,99,89,7.0
117,Bluff,NZ,2022-07-20 23:40:08,-46.6,168.3333,41.81,67,100,7.74
118,Nowy Dwor Mazowiecki,PL,2022-07-20 23:40:09,52.4302,20.7165,71.26,76,0,2.3
119,New Norfolk,AU,2022-07-20 23:39:27,-42.7826,147.0587,40.91,71,3,1.66
120,Khatanga,RU,2022-07-20 23:40:09,71.9667,102.5,48.49,60,100,21.81
121,Walvis Bay,NA,2022-07-20 23:40:10,-22.9575,14.5053,52.09,81,0,6.91
122,Constitucion,CL,2022-07-20 23:40:11,-35.3333,-72.4167,51.37,93,4,6.33
123,Dubbo,AU,2022-07-20 23:40:11,-32.25,148.6167,55.53,62,93,14.97
124,Ribeira Grande,PT,2022-07-20 23:36:37,38.5167,-28.7,70.2,88,20,5.75
125,Lorengau,PG,2022-07-20 23:40:12,-2.0226,147.2712,83.17,71,97,4.43
126,Necochea,AR,2022-07-20 23:36:23,-38.5473,-58.7368,56.19,61,31,15.03
127,Ouargaye,BF,2022-07-20 23:40:13,11.5033,0.0572,77.23,72,19,5.68
128,La Asuncion,VE,2022-07-20 23:40:14,11.0333,-63.8628,83.93,74,8,13.8
129,Atambua,ID,2022-07-20 23:40:14,-9.1061,124.8925,75.69,74,99,3.94
130,Severo-Kurilsk,RU,2022-07-20 23:38:08,50.6789,156.125,52.72,96,99,11.52
131,Kavieng,PG,2022-07-20 23:40:15,-2.5744,150.7967,82.96,75,94,11.34
132,Sao Filipe,CV,2022-07-20 23:38:08,14.8961,-24.4956,76.23,88,75,4.92
133,Hilo,US,2022-07-20 23:40:16,19.7297,-155.09,84.27,73,75,5.01
134,Novo Aripuana,BR,2022-07-20 23:40:16,-5.1206,-60.3797,76.95,66,78,2.28
135,Sitka,US,2022-07-20 23:38:21,57.0531,-135.33,53.49,82,100,11.5
136,Ponta Do Sol,PT,2022-07-20 23:36:20,32.6667,-17.1,71.71,78,7,5.44
137,Vaini,TO,2022-07-20 23:40:17,-21.2,-175.2,78.96,78,40,9.22
138,Palmer,US,2022-07-20 23:40:18,42.1584,-72.3287,91.0,60,11,3.62
139,Pahrump,US,2022-07-20 23:41:18,36.2083,-115.9839,107.65,15,92,7.0
140,Vieques,PR,2022-07-20 23:41:19,18.425,-65.8329,84.24,83,40,12.66
141,Victoria,HK,2022-07-20 23:37:57,22.2855,114.1577,88.97,79,19,5.99
142,Shelburne,CA,2022-07-20 23:41:19,44.0787,-80.2041,73.29,80,97,18.95
143,Cidreira,BR,2022-07-20 23:41:20,-30.1811,-50.2056,61.81,93,0,16.2
144,Evensk,RU,2022-07-20 23:41:21,61.95,159.2333,66.47,39,13,3.8
145,Niquelandia,BR,2022-07-20 23:41:21,-14.4739,-48.4597,70.93,45,1,4.76
146,Teguldet,RU,2022-07-20 23:41:22,57.3064,88.1667,55.06,97,99,3.58
147,Spas-Demensk,RU,2022-07-20 23:41:22,54.4122,34.0226,53.15,96,89,9.46
148,Mar Del Plata,AR,2022-07-20 23:41:23,-38.0023,-57.5575,58.08,62,20,15.01
149,Tual,ID,2022-07-20 23:41:23,-5.6667,132.75,78.75,77,100,20.58
150,Genhe,CN,2022-07-20 23:41:24,50.7833,121.5167,77.45,49,0,2.68
151,Port Lincoln,AU,2022-07-20 23:41:24,-34.7333,135.8667,54.07,72,55,13.24
152,Lompoc,US,2022-07-20 23:39:05,34.6391,-120.4579,92.01,64,0,17.27
153,Houma,US,2022-07-20 23:37:10,29.5958,-90.7195,91.99,72,40,8.99
154,Muros,ES,2022-07-20 23:41:25,42.7762,-9.0603,68.09,79,5,10.58
155,Sao Jose Da Coroa Grande,BR,2022-07-20 23:41:26,-8.8978,-35.1478,74.89,88,51,12.26
156,Yellowknife,CA,2022-07-20 23:41:26,62.456,-114.3525,70.32,40,75,10.36
157,Erdenet,MN,2022-07-20 23:41:27,49.0333,104.0833,54.72,75,100,4.68
158,Waipawa,NZ,2022-07-20 23:41:27,-41.4122,175.5153,45.93,94,100,30.0
159,Thompson,CA,2022-07-20 23:41:28,55.7435,-97.8558,62.76,82,75,14.97
160,Nizwa,OM,2022-07-20 23:41:28,22.9333,57.5333,81.14,83,96,2.39
161,Vila Franca Do Campo,PT,2022-07-20 23:41:29,37.7167,-25.4333,70.21,88,63,1.36
162,Bonavista,CA,2022-07-20 23:41:29,48.6499,-53.1147,59.14,93,95,23.33
163,Buala,SB,2022-07-20 23:41:30,-8.145,159.5921,85.14,66,100,7.92
164,Persan,FR,2022-07-20 23:41:30,49.15,2.2667,67.26,92,75,0.0
165,Hibbing,US,2022-07-20 23:41:31,47.4272,-92.9377,80.11,39,0,17.27
166,Sokoto,NG,2022-07-20 23:41:31,13.0609,5.239,81.88,63,81,6.49
167,Kodiak,US,2022-07-20 23:41:32,57.79,-152.4072,58.51,67,20,6.91
168,Chapais,CA,2022-07-20 23:41:32,49.7834,-74.8492,71.38,64,91,6.2
169,Coquimbo,CL,2022-07-20 23:41:32,-29.9533,-71.3436,53.33,87,100,2.3
170,Husavik,IS,2022-07-20 23:41:33,66.0449,-17.3389,45.9,90,100,3.15
171,Barghat,IN,2022-07-20 23:41:33,22.0333,79.7167,73.26,95,100,4.63
172,Arman,RU,2022-07-20 23:41:34,59.7,150.1667,73.02,73,17,6.17
173,Brae,GB,2022-07-20 23:41:34,60.3964,-1.353,53.1,90,99,16.13
174,Simao,CN,2022-07-20 23:41:35,22.7886,100.9748,66.96,97,100,1.81
175,Methoni,GR,2022-07-20 23:41:35,36.8197,21.7049,77.22,47,0,5.99
176,Camacha,PT,2022-07-20 23:41:35,33.0833,-16.3333,67.42,78,75,10.36
177,Parana,AR,2022-07-20 23:41:36,-31.732,-60.5238,64.54,81,98,4.83
178,Isla Mujeres,MX,2022-07-20 23:41:37,21.2311,-86.731,87.85,74,4,8.61
179,Tiksi,RU,2022-07-20 23:41:37,71.6872,128.8694,39.96,85,52,21.25
180,Tanete,ID,2022-07-20 23:41:37,-3.9443,119.7848,79.18,83,17,3.8
181,Mitu,CO,2022-07-20 23:39:13,1.1983,-70.1733,71.37,99,82,1.45
182,Saskylakh,RU,2022-07-20 23:41:39,71.9167,114.0833,47.98,62,55,15.9
183,Agadir,MA,2022-07-20 23:41:39,30.4202,-9.5982,81.05,32,79,5.39
184,Dikson,RU,2022-07-20 23:39:35,73.5069,80.5464,40.28,79,56,27.98
185,Raton,US,2022-07-20 23:42:40,36.9034,-104.4391,68.34,80,75,9.22
186,Carnarvon,AU,2022-07-20 23:41:14,-24.8667,113.6333,72.37,77,61,14.14
187,Fereydun Kenar,IR,2022-07-20 23:42:40,36.6864,52.5225,79.3,82,15,5.97
188,Hami,CN,2022-07-20 23:42:41,42.8,93.45,65.44,53,17,1.57
189,Biskamzha,RU,2022-07-20 23:42:41,53.4497,89.5272,54.52,79,85,1.5
190,Quatre Cocos,MU,2022-07-20 23:42:42,-20.2078,57.7625,69.1,71,95,20.96
191,Mahebourg,MU,2022-07-20 23:39:16,-20.4081,57.7,69.26,77,40,13.8
192,Vardo,NO,2022-07-20 23:40:58,70.3705,31.1107,49.98,100,75,5.75
193,Kenai,US,2022-07-20 23:40:23,60.5544,-151.2583,57.02,87,100,12.66
194,Sao Joao Da Barra,BR,2022-07-20 23:42:43,-21.6403,-41.0511,68.2,93,6,7.81
195,Biankouma,CI,2022-07-20 23:42:43,7.7391,-7.6138,68.2,94,100,3.33
196,Gisborne,NZ,2022-07-20 23:42:44,-38.6533,178.0042,55.89,61,19,16.02
197,Ust-Tsilma,RU,2022-07-20 23:38:20,65.441,52.1498,57.97,82,30,4.92
198,Ypsilanti,US,2022-07-20 23:38:25,42.2412,-83.613,87.78,58,75,12.66
199,Kavaratti,IN,2022-07-20 23:40:07,10.5669,72.642,80.82,79,98,19.17
200,Yerbogachen,RU,2022-07-20 23:42:45,61.2767,108.0108,61.32,81,93,4.47
201,Ilulissat,GL,2022-07-20 23:42:45,69.2167,-51.1,59.02,41,75,16.11
202,North Myrtle Beach,US,2022-07-20 23:42:46,33.816,-78.68,84.29,78,0,20.71
203,Havoysund,NO,2022-07-20 23:42:47,70.9963,24.6622,53.83,78,76,10.85
204,Zhangye,CN,2022-07-20 23:42:47,38.9342,100.4517,56.57,81,94,18.19
205,Aripuana,BR,2022-07-20 23:42:48,-9.1667,-60.6333,76.26,43,0,1.7
206,Goderich,CA,2022-07-20 23:42:48,43.7501,-81.7165,76.91,73,64,18.41
207,Kathmandu,NP,2022-07-20 23:38:39,27.7167,85.3167,70.02,100,75,3.44
208,Novikovo,RU,2022-07-20 23:42:49,51.1537,37.8879,53.06,96,45,10.02
209,West Odessa,US,2022-07-20 23:42:49,31.8424,-102.4988,105.82,17,0,16.11
210,Dongsheng,CN,2022-07-20 23:42:49,39.8161,109.9776,73.87,36,2,6.73
211,Inhambane,MZ,2022-07-20 23:42:50,-23.865,35.3833,67.35,85,0,5.46
212,Aklavik,CA,2022-07-20 23:42:50,68.2191,-135.0107,66.2,59,75,5.75
213,Basco,PH,2022-07-20 23:42:51,20.4487,121.9702,85.3,78,10,13.11
214,Ust-Nera,RU,2022-07-20 23:42:51,64.5667,143.2,64.72,64,98,8.03
215,Canela,BR,2022-07-20 23:42:52,-29.3656,-50.8156,59.97,98,0,4.29
216,Marzuq,YE,2022-07-20 23:42:52,14.4,46.4667,76.23,61,100,8.41
217,Beni Mazar,EG,2022-07-20 23:42:53,28.4962,30.8029,79.3,51,0,16.35
218,Muroto,JP,2022-07-20 23:42:53,33.2833,134.15,80.44,71,97,1.92
219,Albenga,IT,2022-07-20 23:42:54,44.0529,8.216,83.28,67,58,3.0
220,San Rafael,AR,2022-07-20 23:40:37,-34.6177,-68.3301,57.52,20,0,7.67
221,Yeppoon,AU,2022-07-20 23:42:54,-23.1333,150.7333,58.78,92,100,21.03
222,Micheweni,TZ,2022-07-20 23:42:55,-4.9667,39.8333,73.51,79,46,13.33
223,Chuy,UY,2022-07-20 23:42:55,-33.6971,-53.4616,57.11,95,17,7.43
224,Rundu,NA,2022-07-20 23:42:56,-17.9333,19.7667,50.56,40,2,5.75
225,Tuatapere,NZ,2022-07-20 23:41:58,-46.1333,167.6833,45.09,81,100,3.96
226,Bastia,FR,2022-07-20 23:42:57,42.6667,9.3333,82.02,59,0,2.3
227,Avera,US,2022-07-20 23:40:50,33.194,-82.5271,86.05,61,91,9.31
228,Belmonte,BR,2022-07-20 23:42:57,-15.8631,-38.8828,71.47,81,4,8.12
229,Padang,ID,2022-07-20 23:42:58,-0.9492,100.3543,76.57,84,66,3.42
230,Sosnovo-Ozerskoye,RU,2022-07-20 23:43:59,52.5249,111.5418,59.7,67,30,11.79
231,Peterhead,GB,2022-07-20 23:43:59,57.5058,-1.7981,59.45,74,76,12.53
232,Chumphon,TH,2022-07-20 23:44:00,10.3333,98.8333,70.54,98,100,2.93
233,Pangkalanbuun,ID,2022-07-20 23:44:00,-2.6833,111.6167,76.33,93,21,2.86
234,Ola,RU,2022-07-20 23:44:01,59.5833,151.2833,73.15,79,35,5.01
235,Batagay-Alyta,RU,2022-07-20 23:44:01,67.8006,130.4114,44.47,74,100,2.53
236,Boa Vista,BR,2022-07-20 23:44:02,2.8197,-60.6733,85.98,62,20,2.3
237,Lagoa,PT,2022-07-20 23:44:02,39.05,-27.9833,71.38,82,8,5.08
238,Klaksvik,FO,2022-07-20 23:44:02,62.2266,-6.589,47.32,92,99,18.97
239,Turukhansk,RU,2022-07-20 23:43:22,65.8167,87.9833,53.8,85,91,8.25
240,Chulumani,BO,2022-07-20 23:44:03,-16.4096,-67.5263,59.95,84,71,2.71
241,Kamaishi,JP,2022-07-20 23:44:04,39.2667,141.8833,75.92,76,54,2.35
242,Paita,PE,2022-07-20 23:44:04,-5.0892,-81.1144,64.49,80,18,15.79
243,Santa Elena,EC,2022-07-20 23:44:04,-2.2333,-80.85,69.35,83,75,8.05
244,Gogrial,SS,2022-07-20 23:44:05,8.5332,28.1004,70.52,85,78,3.02
245,Luderitz,NA,2022-07-20 23:44:05,-26.6481,15.1594,56.08,62,8,14.5
246,Fortuna,US,2022-07-20 23:44:06,40.5982,-124.1573,70.93,70,33,3.0
247,Havre,FR,2022-07-20 23:44:06,49.5833,0.3333,66.2,94,100,12.66
248,Novozybkov,RU,2022-07-20 23:44:07,52.5396,31.9275,54.59,71,57,12.33
249,Mount Hagen,PG,2022-07-20 23:44:07,-5.8581,144.2274,68.52,77,82,2.04
250,Nome,US,2022-07-20 23:44:07,64.5011,-165.4064,46.47,87,100,13.8
251,Kaiyuan,CN,2022-07-20 23:44:08,23.6977,103.3037,69.17,91,100,2.1
252,Baft,IR,2022-07-20 23:44:08,29.234,56.6057,72.05,29,0,2.46
253,Helena,US,2022-07-20 23:43:57,46.5927,-112.0361,92.39,14,0,18.41
254,Idlib,SY,2022-07-20 23:44:09,35.9306,36.6339,73.49,61,0,10.63
255,Port Augusta,AU,2022-07-20 23:44:09,-32.5,137.7667,51.21,56,12,5.08
256,Port Macquarie,AU,2022-07-20 23:44:10,-31.4333,152.9167,57.09,88,100,6.91
257,Takoradi,GH,2022-07-20 23:44:10,4.8845,-1.7554,73.18,76,40,7.96
258,Tilichiki,RU,2022-07-20 23:44:11,60.4667,166.1,62.96,40,6,7.11
259,Sembabule,UG,2022-07-20 23:44:11,-0.0772,31.4567,61.83,64,25,3.13
260,Vredendal,ZA,2022-07-20 23:44:11,-31.6683,18.5012,46.54,84,0,4.74
261,Zapolyarnyy,RU,2022-07-20 23:44:12,69.4154,30.8136,54.68,94,65,0.76
262,Nanortalik,GL,2022-07-20 23:44:12,60.1432,-45.2371,49.46,88,29,14.43
263,Andilamena,MG,2022-07-20 23:44:13,-17.0167,48.5833,55.56,94,98,11.52
264,Nalut,LY,2022-07-20 23:44:13,30.3333,10.85,81.43,25,0,9.04
265,Thessalon,CA,2022-07-20 23:44:14,46.2501,-83.5666,68.29,90,65,15.52
266,Guerrero Negro,MX,2022-07-20 23:41:47,27.9769,-114.0611,79.39,51,11,17.11
267,Birin,NP,2022-07-20 23:44:15,26.8865,88.0718,63.14,95,100,4.52
268,Nizhniy Tsasuchey,RU,2022-07-20 23:44:15,50.5167,115.1333,70.84,62,60,10.04
269,Morgan City,US,2022-07-20 23:44:15,29.6994,-91.2068,91.02,72,64,10.6
270,Portland,US,2022-07-20 23:41:04,45.5234,-122.6762,94.87,35,20,11.5
271,Cherskiy,RU,2022-07-20 23:44:16,68.75,161.3,47.26,41,11,17.69
272,Yar-Sale,RU,2022-07-20 23:44:17,66.8333,70.8333,51.82,67,30,10.85
273,Kungurtug,RU,2022-07-20 23:44:17,50.5994,97.5228,52.9,73,100,0.63
274,Aqtobe,KZ,2022-07-20 23:44:18,50.2797,57.2072,59.09,67,0,0.0
275,San Andres,CO,2022-07-20 23:44:18,12.5847,-81.7006,84.22,74,40,12.66
276,Pasichna,UA,2022-07-20 23:44:19,48.5715,24.43,58.03,90,5,2.86
277,Mendi,PG,2022-07-20 23:44:19,-6.1761,143.6513,62.19,88,87,3.04
278,Scarborough,GB,2022-07-20 23:45:20,54.2797,-0.4044,62.33,85,95,10.71
279,Teknaf,BD,2022-07-20 23:45:20,20.8624,92.3058,80.49,88,100,6.96
280,Egvekinot,RU,2022-07-20 23:45:21,66.3167,-179.1667,42.3,54,78,7.02
281,Rudnya,RU,2022-07-20 23:45:21,54.947,31.0934,57.94,63,89,15.9
282,De Aar,ZA,2022-07-20 23:45:22,-30.6497,24.0123,49.08,66,3,4.61
283,Ballina,AU,2022-07-20 23:43:44,-28.8667,153.5667,60.01,88,100,19.1
284,Komsomolskiy,UZ,2022-07-20 23:45:22,40.4272,71.7189,77.72,33,0,4.61
285,Port Elizabeth,ZA,2022-07-20 23:45:23,-33.918,25.5701,55.31,89,75,8.05
286,Labuan,MY,2022-07-20 23:45:23,5.2767,115.2417,79.16,94,20,0.0
287,Pichayevo,RU,2022-07-20 23:45:24,53.2363,42.2032,56.35,95,100,2.59
288,Rome,US,2022-07-20 23:45:24,34.257,-85.1647,91.36,63,0,8.05
289,Saint-Augustin,CA,2022-07-20 23:45:25,51.226,-58.6502,55.89,87,100,17.02
290,Waw,SS,2022-07-20 23:45:25,7.7029,27.9953,68.25,90,71,2.42
291,Madang,PG,2022-07-20 23:45:26,-5.2246,145.7966,79.92,85,97,0.36
292,Freeport,US,2022-07-20 23:45:26,40.6576,-73.5832,92.37,63,0,20.71
293,Vernon,CA,2022-07-20 23:45:02,50.2581,-119.2691,96.22,30,5,1.14
294,Manta,EC,2022-07-20 23:45:01,-0.95,-80.7333,73.18,78,40,13.8
295,Kloulklubed,PW,2022-07-20 23:45:27,7.0419,134.2556,79.3,72,82,2.53
296,Cururupu,BR,2022-07-20 23:43:20,-1.8283,-44.8683,74.07,92,57,3.13
297,Mishawaka,US,2022-07-20 23:45:28,41.662,-86.1586,83.32,63,100,11.5
298,Teya,RU,2022-07-20 23:45:28,60.3778,92.6267,56.93,81,56,3.74
299,Abha,SA,2022-07-20 23:45:29,18.2164,42.5053,67.82,64,0,9.22
300,La Ronge,CA,2022-07-20 23:42:35,55.1001,-105.2842,71.85,37,75,24.16
301,Kieta,PG,2022-07-20 23:45:29,-6.2167,155.6333,84.43,68,90,4.03
302,Babrala,IN,2022-07-20 23:45:30,28.2667,78.4,82.24,74,95,5.64
303,Huanren,CN,2022-07-20 23:45:30,41.2647,125.3667,70.27,88,99,3.87
304,Biak,ID,2022-07-20 23:45:31,-0.9131,122.8766,79.03,76,28,3.47
305,Tuktoyaktuk,CA,2022-07-20 23:45:31,69.4541,-133.0374,51.8,93,100,8.05
306,Carutapera,BR,2022-07-20 23:43:42,-1.195,-46.02,76.14,87,72,5.46
307,Bireun,ID,2022-07-20 23:45:32,5.203,96.7009,77.67,68,100,3.76
308,Roma,US,2022-07-20 23:45:33,43.2128,-75.4557,89.82,64,42,1.01
309,Twin Falls,US,2022-07-20 23:45:33,42.3505,-114.6445,95.34,16,0,10.36
310,Noumea,NC,2022-07-20 23:45:34,-22.2763,166.4572,78.78,99,100,11.39
311,Vanavara,RU,2022-07-20 23:45:34,60.34,102.2797,61.11,71,35,5.61
312,Itoman,JP,2022-07-20 23:44:58,26.1247,127.6694,91.4,84,20,6.91
313,La Romana,DO,2022-07-20 23:45:35,18.4273,-68.9728,84.56,74,40,13.8
314,Lagos,NG,2022-07-20 23:43:13,6.5833,3.75,73.51,79,92,5.48
315,Redcar,GB,2022-07-20 23:45:36,54.6166,-1.06,64.72,56,89,3.0
316,Santa Rosa,PH,2022-07-20 23:45:23,14.3122,121.1114,79.09,90,100,5.48
317,Puerto Vallarta,MX,2022-07-20 23:45:37,20.6204,-105.2307,86.09,78,100,3.42
318,Sterling,US,2022-07-20 23:43:32,39.0062,-77.4286,90.37,63,20,9.22
319,Hambantota,LK,2022-07-20 23:45:37,6.1241,81.1185,78.49,84,97,16.49
320,Grand Gaube,MU,2022-07-20 23:45:38,-20.0064,57.6608,69.39,66,94,7.0
321,La Palma,US,2022-07-20 23:45:38,33.8464,-118.0467,100.67,54,0,11.5
322,Darnah,LY,2022-07-20 23:45:39,32.767,22.6367,75.79,69,0,24.99
323,Okhansk,RU,2022-07-20 23:46:40,57.7186,55.3877,51.87,95,57,2.13
324,Berlevag,NO,2022-07-20 23:46:40,70.8578,29.0864,57.0,93,75,0.0
325,Pekan,MY,2022-07-20 23:46:40,3.4836,103.3996,77.11,89,96,5.32
326,Port Hardy,CA,2022-07-20 23:46:41,50.6996,-127.4199,62.78,77,20,11.5
327,Pevek,RU,2022-07-20 23:41:57,69.7008,170.3133,31.8,85,99,16.15
328,Vostok,RU,2022-07-20 23:46:41,46.4856,135.8833,66.85,91,46,2.19
329,Codajas,BR,2022-07-20 23:46:42,-3.8367,-62.0569,78.8,61,69,3.18
330,Petropavlovsk-Kamchatskiy,RU,2022-07-20 23:43:36,53.0452,158.6483,61.39,72,40,8.95
331,Gravdal,NO,2022-07-20 23:46:42,68.1214,13.5031,54.5,87,99,12.28
332,Zabol,AF,2022-07-20 23:46:43,32.25,67.25,76.33,49,0,13.8
333,Vila Velha,BR,2022-07-20 23:46:44,-20.3297,-40.2925,71.55,91,40,8.01
334,Yulara,AU,2022-07-20 23:46:44,-25.2406,130.9889,51.21,42,14,11.92
335,Qasigiannguit,GL,2022-07-20 23:46:44,68.8193,-51.1922,59.25,71,100,7.11
336,Harnosand,SE,2022-07-20 23:46:45,62.6323,17.9379,57.0,92,33,1.19
337,Rio Gallegos,AR,2022-07-20 23:46:46,-51.6226,-69.2181,32.05,69,0,19.57
338,Codrington,AU,2022-07-20 23:46:46,-38.2667,141.9667,48.65,62,0,7.54
339,Mutis,CO,2022-07-20 23:46:47,6.2262,-77.4044,77.99,90,88,7.34
340,Pishin,PK,2022-07-20 23:46:47,30.5803,66.9961,80.4,53,1,5.06
341,Midland,US,2022-07-20 23:45:34,31.9974,-102.0779,106.81,18,0,16.11
342,Rupert,US,2022-07-20 23:46:48,42.6191,-113.6772,85.95,37,0,19.57
343,Dunedin,NZ,2022-07-20 23:46:48,-45.8742,170.5036,45.81,65,96,15.01
344,Nago,JP,2022-07-20 23:46:49,26.5881,127.9761,91.45,80,86,12.75
345,Kota Kinabalu,MY,2022-07-20 23:46:49,5.9749,116.0724,76.98,78,20,8.05
346,Lasa,IT,2022-07-20 23:42:34,46.6166,10.7002,68.36,86,25,1.68
347,Indianola,US,2022-07-20 23:46:50,41.3581,-93.5574,88.29,51,0,11.95
348,Providencia,MX,2022-07-20 23:46:50,28.7167,-111.5833,105.21,35,12,10.76
349,Cocachacra,PE,2022-07-20 23:46:51,-17.0883,-71.7575,59.45,86,43,3.0
350,Olafsvik,IS,2022-07-20 23:46:51,64.8945,-23.7142,50.38,76,75,8.05
351,Kropotkin,RU,2022-07-20 23:46:51,45.4375,40.5756,61.52,79,0,6.24
352,Dabat,ET,2022-07-20 23:46:52,12.9842,37.765,50.47,84,100,4.25
353,Saint-Pierre,RE,2022-07-20 23:46:52,-21.3393,55.4781,67.68,67,75,14.97
354,Urumqi,CN,2022-07-20 23:46:53,43.801,87.6005,68.95,35,0,11.18
355,Tarakan,ID,2022-07-20 23:46:54,3.3,117.6333,76.5,88,75,6.91
356,Yidu,CN,2022-07-20 23:46:54,24.1614,115.1328,81.77,80,70,2.33
357,Weyburn,CA,2022-07-20 23:46:54,49.6668,-103.8511,73.62,40,0,20.71
358,Nishihara,JP,2022-07-20 23:45:59,26.1842,127.7558,90.68,84,20,6.91
359,Ewa Beach,US,2022-07-20 23:46:55,21.3156,-158.0072,83.08,64,100,12.66
360,Junin,AR,2022-07-20 23:46:19,-34.5838,-60.9433,55.29,74,5,7.61
361,Ormara,PK,2022-07-20 23:46:56,25.2088,64.6357,83.14,83,100,17.87
362,Clyde River,CA,2022-07-20 23:42:52,70.4692,-68.5914,37.63,100,100,10.36
363,Caravelas,BR,2022-07-20 23:46:57,-17.7125,-39.2481,71.49,77,1,6.91
364,Yuncheng,CN,2022-07-20 23:46:57,35.0231,110.9928,76.69,61,0,0.92
365,Touba,CI,2022-07-20 23:46:58,8.2833,-7.6833,69.19,94,100,4.16
366,Saint-Donat-De-Montcalm,CA,2022-07-20 23:46:58,46.3187,-74.2219,76.86,97,95,4.52
367,Isangel,VU,2022-07-20 23:46:58,-19.55,169.2667,84.31,74,75,4.61
368,El Burrion,MX,2022-07-20 23:46:59,25.5333,-108.4,102.06,45,53,11.01
369,Rothesay,GB,2022-07-20 23:45:32,55.8365,-5.0551,57.25,90,7,10.69
370,Kamina,CD,2022-07-20 23:48:00,-8.7386,24.9906,62.6,61,41,3.24
371,Minuri,PH,2022-07-20 23:48:00,16.535,121.8574,81.45,79,86,1.05
372,Alugan,PH,2022-07-20 23:48:00,12.2188,125.4808,83.52,78,91,5.08
373,Port Said,EG,2022-07-20 23:48:01,31.2565,32.2841,80.58,83,0,6.91
374,Le Pradet,FR,2022-07-20 23:48:01,43.1066,6.0172,83.62,60,0,2.3
375,Ishikawa,JP,2022-07-20 23:48:02,26.4233,127.8214,91.35,70,86,5.99
376,Kushiro,JP,2022-07-20 23:48:03,42.975,144.3747,65.35,82,40,2.3
377,Airai,TL,2022-07-20 23:48:03,-8.9266,125.4092,63.37,80,89,3.76
378,Mindelo,CV,2022-07-20 23:48:03,16.8901,-24.9804,76.55,78,20,10.36
379,Strzelin,PL,2022-07-20 23:48:04,50.7816,17.0648,71.38,57,71,5.61
380,Batagay,RU,2022-07-20 23:48:05,67.6333,134.6333,52.43,59,97,3.11
381,Businga,CD,2022-07-20 23:48:05,3.3333,20.8833,69.06,98,83,1.63
382,Gornopravdinsk,RU,2022-07-20 23:48:06,60.05,69.9,57.74,87,80,4.72
383,Preobrazheniye,RU,2022-07-20 23:48:06,42.9019,133.9064,65.82,89,99,4.81
384,Deputatskiy,RU,2022-07-20 23:48:07,69.3,139.9,42.82,78,82,14.25
385,Pisco,PE,2022-07-20 23:48:07,-13.7,-76.2167,60.85,82,100,10.36
386,Huarmey,PE,2022-07-20 23:48:08,-10.0681,-78.1522,63.16,82,10,10.22
387,Taunggyi,MM,2022-07-20 23:48:08,20.7833,97.0333,66.0,94,100,1.68
388,Progreso,MX,2022-07-20 23:48:08,21.2833,-89.6667,89.11,78,6,18.25
389,Erzin,TR,2022-07-20 23:48:09,36.9559,36.2,75.24,62,0,2.21
390,Inyonga,TZ,2022-07-20 23:48:10,-6.7167,32.0667,63.03,56,0,7.78
391,Oktyabrskoye,RU,2022-07-20 23:48:10,43.0645,44.7417,60.94,93,33,2.24
392,Poum,NC,2022-07-20 23:48:11,-20.2333,164.0167,77.67,82,96,16.31
393,Porto Belo,BR,2022-07-20 23:48:11,-27.1578,-48.5531,64.26,92,1,3.91
394,Chama,CH,2022-07-20 23:48:12,47.1821,8.4636,69.03,95,40,1.14
395,Butwal,NP,2022-07-20 23:48:12,27.7006,83.4484,77.32,90,100,2.48
396,Leh,IN,2022-07-20 23:48:13,34.1667,77.5833,60.42,23,98,8.7
397,Tororo,UG,2022-07-20 23:48:13,0.693,34.1809,64.42,81,56,3.56
398,Bitung,ID,2022-07-20 23:48:14,1.4451,125.1824,81.45,76,77,7.07
399,Udimskiy,RU,2022-07-20 23:48:14,61.1417,45.9144,49.12,95,26,2.62
400,Deer Lake,CA,2022-07-20 23:48:15,49.1667,-57.4316,60.66,88,100,14.97
401,Ostrovnoy,RU,2022-07-20 23:48:15,68.0531,39.5131,46.81,97,12,4.63
402,Belaya Gora,RU,2022-07-20 23:48:09,68.5333,146.4167,54.36,55,36,5.48
403,Karoi,ZW,2022-07-20 23:48:16,-16.8099,29.6925,59.5,64,91,6.73
404,Port Hedland,AU,2022-07-20 23:47:40,-20.3167,118.5667,59.05,63,1,6.91
405,Fort Nelson,CA,2022-07-20 23:48:17,58.8053,-122.7002,74.79,33,75,5.75
406,Russkaya Polyana,UA,2022-07-20 23:48:17,49.417,31.9201,54.45,82,29,8.23
407,Williams Lake,CA,2022-07-20 23:45:32,52.1415,-122.1445,86.05,33,20,5.75
408,Olinda,BR,2022-07-20 23:48:12,-8.0089,-34.8553,71.33,94,100,17.27
409,Tombouctou,ML,2022-07-20 23:48:18,20.0,-3.0,90.73,42,54,7.25
410,Agogo,GH,2022-07-20 23:48:18,6.8,-1.0819,65.12,84,76,5.48
411,Torbay,CA,2022-07-20 23:48:19,47.6666,-52.7314,64.58,83,100,21.85
412,Guayaramerin,BO,2022-07-20 23:48:19,-10.8368,-65.3614,74.5,48,16,1.86
413,Katangli,RU,2022-07-20 23:48:20,51.7102,143.2326,52.95,98,100,9.57
414,Amuntai,ID,2022-07-20 23:48:20,-2.4177,115.2494,76.87,88,8,1.45
415,Zaoyang,CN,2022-07-20 23:48:21,32.1272,112.7542,75.83,83,80,3.74
416,Porto Novo,BJ,2022-07-20 23:48:21,6.4965,2.6036,76.82,77,97,7.18
417,Forbes,AU,2022-07-20 23:49:22,-33.3833,148.0167,59.92,65,93,11.74
418,Suraabad,AZ,2022-07-20 23:49:22,40.8192,49.4687,74.43,70,0,23.67
419,Verkhoyansk,RU,2022-07-20 23:49:23,67.5447,133.385,52.95,60,99,3.42
420,Asau,RO,2022-07-20 23:49:23,46.4333,26.4,67.28,69,4,5.32
421,Puerto Leguizamo,CO,2022-07-20 23:49:24,-0.1934,-74.7819,70.07,99,95,2.75
422,Nemuro,JP,2022-07-20 23:49:24,43.3236,145.575,59.2,89,59,5.7
423,Vanino,RU,2022-07-20 23:49:25,49.0869,140.2543,67.03,71,97,4.56
424,Burnie,AU,2022-07-20 23:49:25,-41.0667,145.9167,50.94,82,92,8.57
425,Juegang,CN,2022-07-20 23:49:25,32.3174,121.1855,83.98,84,79,10.69
426,Santa Fe,AR,2022-07-20 23:49:26,-31.6333,-60.7,64.99,82,94,4.0
427,Manzhouli,CN,2022-07-20 23:49:26,49.6,117.4333,75.18,52,73,3.02
428,Maxixe,MZ,2022-07-20 23:49:27,-23.8597,35.3472,66.11,88,0,4.72
429,Dhidhdhoo,MV,2022-07-20 23:49:27,6.8833,73.1,80.17,76,100,21.25
430,Maceio,BR,2022-07-20 23:46:16,-9.6658,-35.7353,74.64,94,100,2.3
431,Alexandria,EG,2022-07-20 23:45:28,31.2156,29.9553,76.96,73,0,12.66
432,Peyima,SL,2022-07-20 23:49:28,8.7,-11.0333,69.53,100,100,1.88
433,Rutland,US,2022-07-20 23:49:29,43.6167,-73.0162,87.78,66,0,5.75
434,Envira,BR,2022-07-20 23:49:29,-7.3,-70.2167,73.71,64,10,1.16
435,Souillac,MU,2022-07-20 23:49:29,-20.5167,57.5167,68.38,77,40,13.8
436,Ponta Delgada,PT,2022-07-20 23:49:30,37.7333,-25.6667,70.52,88,75,2.3
437,Liepaja,LV,2022-07-20 23:49:30,56.5419,21.0367,53.58,94,0,3.44
438,Skelleftea,SE,2022-07-20 23:49:31,64.7507,20.9528,59.36,72,75,3.44
439,Podor,MR,2022-07-20 23:49:32,16.6527,-14.9587,84.15,70,0,4.61
440,Ribas Do Rio Pardo,BR,2022-07-20 23:49:32,-20.4431,-53.7592,70.57,35,16,4.83
441,Visby,SE,2022-07-20 23:49:32,57.6409,18.296,64.62,77,20,10.36
442,Tezu,IN,2022-07-20 23:49:33,27.9167,96.1667,76.69,98,100,1.68
443,Shanhetun,CN,2022-07-20 23:49:33,44.7,127.2,74.23,84,100,4.38
444,Ternate,ID,2022-07-20 23:49:34,0.8,127.4,81.61,76,95,1.23
445,Nabire,ID,2022-07-20 23:49:34,-3.3667,135.4833,77.95,83,91,4.0
446,Kiruna,SE,2022-07-20 23:49:35,67.8557,20.2251,54.52,82,75,5.75
447,Doha,QA,2022-07-20 23:48:06,25.2867,51.5333,94.89,71,0,9.22
448,Chopovychi,UA,2022-07-20 23:49:36,50.8332,28.9533,53.55,83,2,7.72
449,Shieli,KZ,2022-07-20 23:49:36,44.1667,66.75,86.36,22,0,6.85
450,Sibolga,ID,2022-07-20 23:49:36,1.7427,98.7792,75.34,84,65,3.18
451,Saldanha,ZA,2022-07-20 23:49:37,-33.0117,17.9442,41.05,67,0,9.28
452,Tinaquillo,VE,2022-07-20 23:49:37,9.9186,-68.3047,70.81,98,60,0.78
453,Punta Alta,AR,2022-07-20 23:49:38,-38.8759,-62.0736,58.3,50,43,20.49
454,Ugoofaaru,MV,2022-07-20 23:49:38,5.6667,73.0,80.4,76,93,17.78
455,Wasilla,US,2022-07-20 23:46:30,61.5814,-149.4394,62.53,68,100,3.44
456,Gwanda,ZW,2022-07-20 23:49:39,-20.9333,29.0,56.08,77,46,2.62
457,Jelenia Gora,PL,2022-07-20 23:49:39,50.8997,15.729,71.04,55,71,4.61
458,Shingu,JP,2022-07-20 23:49:40,33.7333,135.9833,86.56,56,77,0.76
459,Mulino,RU,2022-07-20 23:49:40,56.2892,42.9201,50.58,97,14,3.47
460,Voh,NC,2022-07-20 23:49:41,-20.9667,164.7,80.24,74,98,5.06
461,Makakilo City,US,2022-07-20 23:49:41,21.3469,-158.0858,81.68,65,100,12.66
462,Atchison,US,2022-07-20 23:49:42,39.563,-95.1216,90.91,61,9,5.99
463,Bandarbeyla,SO,2022-07-20 23:49:42,9.4942,50.8122,74.16,85,50,24.49
464,Kanigiri,IN,2022-07-20 23:49:43,15.4,79.5167,85.01,60,94,10.13
465,Bamiantong,CN,2022-07-20 23:50:43,44.9333,130.5333,73.69,81,71,3.4
466,Koutsouras,GR,2022-07-20 23:50:44,35.0339,25.9469,77.11,50,0,15.14
467,Kyaikto,MM,2022-07-20 23:50:44,17.3,97.0167,78.35,91,100,4.23
468,Montepuez,MZ,2022-07-20 23:50:44,-13.1256,38.9997,57.47,98,4,3.71
469,Piskivka,UA,2022-07-20 23:50:45,50.6938,29.6193,54.34,80,50,7.11
470,Fukue,JP,2022-07-20 23:50:45,32.6881,128.8419,80.96,94,75,13.8
471,Chimbote,PE,2022-07-20 23:47:17,-9.0853,-78.5783,62.47,82,5,10.47
472,Bela Vista De Goias,BR,2022-07-20 23:50:46,-16.9728,-48.9533,74.55,47,10,7.16
473,Ulverstone,AU,2022-07-20 23:50:46,-41.15,146.1667,51.21,75,91,6.35
474,Guanica,PR,2022-07-20 23:50:47,17.9716,-66.908,84.51,83,14,12.12
475,Marawi,PH,2022-07-20 23:50:47,7.9986,124.2928,75.0,84,39,0.34
476,Bloomington,US,2022-07-20 23:49:48,44.8408,-93.2983,89.22,43,40,23.02
477,Moose Factory,CA,2022-07-20 23:50:48,51.2585,-80.6094,68.0,77,100,16.11
478,Alappuzha,IN,2022-07-20 23:50:48,9.49,76.3264,77.0,87,71,13.89
479,Tiarei,PF,2022-07-20 23:50:49,-17.5333,-149.3333,84.22,73,6,11.43
480,Chamonix-Mont-Blanc,FR,2022-07-20 23:50:49,45.9238,6.8693,67.86,84,41,3.65
481,Aswan,EG,2022-07-20 23:50:49,24.0934,32.907,90.7,18,0,5.75
482,Puerto Colombia,CO,2022-07-20 23:50:50,10.9878,-74.9547,82.49,85,40,20.65
483,Mumford,GH,2022-07-20 23:50:50,5.2618,-0.759,73.29,81,5,8.12
484,Sakakah,SA,2022-07-20 23:50:51,29.9697,40.2064,94.57,17,64,6.31
485,Kununurra,AU,2022-07-20 23:47:34,-15.7667,128.7333,69.78,52,67,4.61
486,Sovetskiy,RU,2022-07-20 23:50:51,61.3614,63.5842,57.97,84,99,7.96
487,Simpang,ID,2022-07-20 23:50:52,-1.2667,104.0833,74.84,97,41,3.36
488,San Jose,US,2022-07-20 23:47:27,37.3394,-121.895,92.08,42,20,12.66
489,Praia Da Vitoria,PT,2022-07-20 23:50:52,38.7333,-27.0667,70.75,94,20,1.63
490,Zamora,EC,2022-07-20 23:50:53,-4.0692,-78.9567,76.24,98,85,1.3
491,Santa Isabel Do Rio Negro,BR,2022-07-20 23:50:53,-0.4139,-65.0192,73.06,99,76,0.43
492,Golden,US,2022-07-20 23:50:54,39.7555,-105.2211,81.66,51,90,3.8
493,La Cruz,MX,2022-07-20 23:50:54,23.9167,-106.9,89.04,65,72,14.41
494,Bulawayo,ZW,2022-07-20 23:50:55,-20.15,28.5833,54.77,66,68,7.05
495,Los Andes,CL,2022-07-20 23:50:55,-32.8337,-70.5983,54.01,42,0,3.83
496,Ilebo,CD,2022-07-20 23:50:55,-4.3167,20.5833,72.28,71,40,1.57
497,Khani,GE,2022-07-20 23:50:56,41.9563,42.9566,58.57,98,100,1.66
498,Shu,KZ,2022-07-20 23:50:56,43.5983,73.7614,72.39,19,0,6.55
499,Dingle,PH,2022-07-20 23:50:57,10.9995,122.6711,80.8,82,87,1.36
500,Labuhan,ID,2022-07-20 23:50:57,-6.8844,112.2051,76.48,78,17,13.24
501,Desaguadero,PE,2022-07-20 23:50:58,-16.5656,-69.0417,44.01,28,28,5.61
502,Aguililla,MX,2022-07-20 23:50:58,18.7333,-102.7333,82.83,71,39,1.79
503,Ponazyrevo,RU,2022-07-20 23:50:59,58.3578,46.3142,51.35,93,78,2.93
504,Buffalo,US,2022-07-20 23:49:03,42.8865,-78.8784,88.12,52,75,17.27
505,Kijang,KR,2022-07-20 23:50:59,35.2442,129.2139,80.33,95,100,11.9
506,Luganville,VU,2022-07-20 23:51:00,-15.5333,167.1667,82.89,76,37,11.1
507,Kruisfontein,ZA,2022-07-20 23:48:20,-34.0033,24.7314,51.89,89,94,5.86
508,Lithgow,AU,2022-07-20 23:51:00,-33.4833,150.15,46.54,86,91,12.01
509,Ambulu,ID,2022-07-20 23:51:01,-8.345,113.6058,74.01,83,9,3.24
510,Lerwick,GB,2022-07-20 23:51:01,60.1545,-1.1494,53.6,92,91,15.03
511,Bin Qirdan,TN,2022-07-20 23:52:02,33.1378,11.2197,80.22,68,0,9.93
512,Rodrigues Alves,BR,2022-07-20 23:52:03,-7.738,-72.6509,88.0,63,49,2.91
513,Mahibadhoo,MV,2022-07-20 23:52:03,3.7833,72.9667,82.17,72,100,20.29
514,Pyinmana,MM,2022-07-20 23:52:03,19.7333,96.2167,76.51,96,100,2.68
515,Aldan,RU,2022-07-20 23:52:04,58.6031,125.3894,68.76,66,13,4.7
516,Agua Prieta,MX,2022-07-20 23:52:05,31.3,-109.5667,94.37,26,61,17.9
517,Bilma,NE,2022-07-20 23:49:06,18.6853,12.9164,89.22,35,80,7.34
518,Svetlaya,RU,2022-07-20 23:52:05,46.5389,138.3297,63.91,83,91,7.96
519,Snyder,US,2022-07-20 23:52:06,32.7179,-100.9176,102.31,18,0,10.36
520,Okaihau,NZ,2022-07-20 23:52:06,-35.3167,173.7833,54.52,91,47,9.98
521,Milkovo,RU,2022-07-20 23:52:07,54.7167,158.6167,78.04,50,12,2.66
522,Cotonou,BJ,2022-07-20 23:50:28,6.3654,2.4183,76.98,83,40,12.66
523,Namibe,AO,2022-07-20 23:47:13,-15.1961,12.1522,61.81,82,1,7.16
524,Kjopsvik,NO,2022-07-20 23:52:08,68.097,16.3742,57.07,97,100,3.31
525,Malaia,RO,2022-07-20 23:52:08,45.35,24.0333,62.31,54,0,6.29
526,Bay Roberts,CA,2022-07-20 23:51:02,47.5999,-53.2648,65.34,90,88,8.99
527,Novyy Urengoy,RU,2022-07-20 23:52:09,66.0833,76.6333,51.15,71,87,11.65
528,Tabas,IR,2022-07-20 23:52:09,33.5959,56.9244,86.11,17,0,4.79
529,Sudova Vyshnya,UA,2022-07-20 23:52:10,49.7889,23.3722,58.82,85,4,4.14
530,Pecos,US,2022-07-20 23:51:02,31.4229,-103.4932,105.89,13,0,16.11
531,Ngemplak,ID,2022-07-20 23:52:11,-7.5497,110.7164,73.22,87,14,10.45
532,Krasnoselkup,RU,2022-07-20 23:52:11,65.7,82.4667,53.29,78,100,1.45
533,Erenhot,CN,2022-07-20 23:52:12,43.6475,111.9767,80.01,27,7,7.58
534,Saint-Joseph,RE,2022-07-20 23:52:12,-21.3667,55.6167,66.58,75,19,14.83
535,Kitui,KE,2022-07-20 23:52:13,-1.367,38.0106,56.16,80,42,5.35
536,Coari,BR,2022-07-20 23:52:13,-4.085,-63.1414,78.76,73,95,2.33
537,Champerico,GT,2022-07-20 23:52:14,14.3,-91.9167,90.14,77,81,7.52
538,Chowchilla,US,2022-07-20 23:52:14,37.123,-120.2602,107.02,12,0,11.5
539,Cap Malheureux,MU,2022-07-20 23:52:15,-19.9842,57.6142,69.48,65,93,5.01
540,Arvin,US,2022-07-20 23:52:15,35.2091,-118.8284,104.4,23,31,10.2
541,Saarbrucken,DE,2022-07-20 23:52:06,49.2333,7.0,66.65,96,40,6.91
542,Dudinka,RU,2022-07-20 23:52:16,69.4058,86.1778,54.63,81,100,9.15
543,Ossora,RU,2022-07-20 23:52:16,59.2353,163.0719,61.63,68,52,5.06
544,Atikokan,CA,2022-07-20 23:49:33,48.7555,-91.6216,78.49,42,71,10.74
545,Pacific Grove,US,2022-07-20 23:50:17,36.6177,-121.9166,79.02,81,20,9.22
546,Tarragona,ES,2022-07-20 23:52:18,41.129,1.249,79.39,75,0,5.99
547,Karasjok,NO,2022-07-20 23:52:18,69.4719,25.5112,56.19,81,98,4.79
548,Atar,MR,2022-07-20 23:52:18,20.5169,-13.0499,88.83,36,31,13.29
